age,annual_income,occupation,gender,category,education,land_owned_acres,is_bpl,is_disabled
41,131875,daily_wage,other,general,secondary,0,0,0
43,32110,student,other,st,postgraduate,1.1,1,0
41,820930,salaried,male,obc,postgraduate,0.2,0,0
16,29417,student,other,st,secondary,0,0,0
17,38768,student,male,st,secondary,0.4,1,0
35,105583,other,other,st,graduate,0,0,0
30,17992,unemployed,female,obc,secondary,0.3,0,0
38,31185,daily_wage,male,sc,postgraduate,0,1,1
69,0,daily_wage,male,general,none,0.4,1,0
24,76180,farmer,female,sc,none,0,0,0
37,569289,self_employed,other,general,none,0.5,0,0
40,80184,daily_wage,female,sc,secondary,1.1,1,0
50,427226,salaried,other,general,postgraduate,0,0,0
23,135116,self_employed,male,sc,postgraduate,0.6,0,0
35,117243,daily_wage,other,obc,graduate,0,1,0
54,344833,self_employed,other,sc,graduate,0,0,1
62,105915,daily_wage,other,sc,primary,0,1,0
30,97705,other,female,general,secondary,0,0,1
16,16410,student,female,obc,secondary,0,0,0
29,13186,farmer,other,obc,none,0,0,0
47,114703,daily_wage,male,general,primary,0,0,0
43,32468,student,other,general,postgraduate,0,0,0
49,831385,salaried,female,st,secondary,0,1,0
53,22860,farmer,other,st,primary,2.0,0,0
39,131180,other,female,sc,graduate,0.2,0,0
16,105472,daily_wage,male,obc,graduate,0.5,0,0
37,24054,student,male,st,none,0,1,0
39,802199,self_employed,other,st,none,1.3,0,1
41,31275,student,male,general,none,0.2,0,0
52,213079,farmer,other,st,graduate,0,0,0
53,31287,farmer,male,general,primary,2.0,0,0
44,602727,self_employed,female,sc,primary,0.5,0,0
36,255233,farmer,male,obc,postgraduate,1.1,1,0
24,591582,salaried,female,general,postgraduate,0.1,0,0
35,350248,salaried,female,general,graduate,0.6,0,0
41,299218,farmer,other,sc,primary,0.7,0,0
64,303824,self_employed,other,general,secondary,0,0,0
17,26091,student,other,general,secondary,0.8,0,0
18,41275,student,female,sc,secondary,0.5,0,0
41,65225,other,male,general,none,0,0,0
20,19805,student,male,obc,graduate,0.4,0,0
29,289720,self_employed,female,st,graduate,0.6,0,0
43,1337952,salaried,other,st,primary,0,0,0
16,42105,student,other,st,primary,0.8,0,0
57,132309,daily_wage,other,sc,primary,0,0,0
36,0,other,male,sc,postgraduate,0,1,0
32,30163,student,male,st,secondary,0,0,0
64,1057,unemployed,other,general,secondary,0.4,0,0
50,412237,salaried,other,general,none,1.3,0,0
22,26097,student,other,general,primary,0,0,0
49,144985,farmer,male,sc,graduate,1.4,0,0
33,255985,salaried,male,general,secondary,0,0,0
29,15455,unemployed,other,sc,postgraduate,0.8,1,0
35,96603,farmer,female,general,graduate,2.4,0,0
33,252323,self_employed,female,general,graduate,0,0,0
19,17566,student,male,sc,graduate,0,0,0
49,41386,student,female,general,primary,0,1,0
66,153213,self_employed,female,st,primary,0,0,0
63,557547,self_employed,female,general,secondary,0,0,1
49,431030,self_employed,female,sc,postgraduate,1.2,0,0
42,123530,other,other,general,graduate,0.5,0,0
39,19825,student,other,st,none,0,0,0
32,126954,other,other,obc,graduate,0.5,1,0
58,269447,farmer,female,st,secondary,0,0,0
33,23192,unemployed,other,st,postgraduate,0,1,0
16,27359,student,female,obc,none,0,0,0
46,236348,other,female,general,none,0,0,0
39,19725,student,male,general,primary,0.3,1,0
57,541910,self_employed,other,obc,secondary,0,0,0
52,36072,unemployed,male,general,none,1.1,0,0
40,63677,other,male,obc,none,0.4,1,0
41,100300,daily_wage,female,sc,none,0,1,0
33,109809,farmer,female,st,graduate,1.1,0,0
24,235839,farmer,female,obc,primary,0.0,0,0
41,703511,salaried,male,general,postgraduate,0,0,0
39,265287,farmer,female,st,primary,0,1,0
40,238192,farmer,male,general,graduate,5.0,0,0
22,146720,daily_wage,other,general,secondary,1.1,0,0
77,369017,self_employed,female,sc,primary,0.2,0,1
52,202839,farmer,male,general,graduate,1.4,1,0
29,439739,self_employed,female,sc,postgraduate,0.7,0,0
81,86694,farmer,other,st,secondary,3.7,1,0
44,70019,daily_wage,female,obc,graduate,0,0,0
60,116569,daily_wage,female,st,primary,0,1,0
27,88610,daily_wage,other,st,primary,0.0,0,1
18,27425,student,other,general,primary,0,1,0
41,125753,other,other,sc,postgraduate,0.8,0,1
45,803233,salaried,female,sc,primary,0,0,0
32,17525,student,male,general,none,0.5,1,0
36,77710,other,other,sc,primary,0,0,0
43,267874,farmer,male,general,none,1.9,0,0
33,140694,farmer,other,general,none,1.8,0,0
50,10011,unemployed,other,st,postgraduate,0,0,0
42,52702,farmer,male,sc,postgraduate,2.2,1,0
58,815325,salaried,other,obc,secondary,0.2,0,0
34,443702,self_employed,female,obc,none,0.8,0,0
43,853117,salaried,female,sc,postgraduate,0.9,0,0
31,1322722,salaried,female,general,graduate,0,0,0
42,507312,self_employed,female,general,primary,0,0,0
39,977765,salaried,male,sc,graduate,0.4,0,0
54,17634,student,female,st,primary,0,0,0
42,0,student,female,obc,secondary,0.8,1,0
36,231618,other,other,general,secondary,0.7,1,0
16,27027,student,male,st,primary,0.4,1,0
26,37035,student,female,general,graduate,0.2,0,0
52,403026,self_employed,female,st,graduate,1.1,0,0
44,153791,other,male,st,primary,0.4,0,0
28,23595,student,male,st,postgraduate,0.6,0,0
54,61591,daily_wage,male,sc,postgraduate,0,1,0
49,131949,farmer,female,sc,postgraduate,2.5,0,0
48,23161,student,male,st,secondary,0,0,0
37,199527,self_employed,female,obc,none,0,0,0
46,375975,self_employed,other,st,none,0.9,0,0
43,4540,unemployed,female,general,primary,1.0,1,0
53,73667,daily_wage,female,st,graduate,0.1,0,1
48,23478,student,male,general,primary,0,0,0
53,658234,salaried,female,sc,none,0.1,0,1
58,811514,salaried,other,obc,primary,0.1,0,0
38,217851,farmer,female,obc,graduate,2.7,0,0
60,153225,farmer,male,st,none,1.3,0,0
41,27624,student,female,sc,none,0.6,0,0
48,525467,farmer,female,obc,primary,0,0,0
45,563916,salaried,other,st,secondary,0.7,0,0
41,193775,self_employed,female,obc,postgraduate,0.5,0,0
39,25552,other,female,obc,secondary,0.4,1,0
31,508692,salaried,other,general,none,0,0,0
22,112748,daily_wage,female,st,secondary,0.0,1,0
27,177090,self_employed,other,sc,primary,0.4,0,0
43,30844,other,female,sc,secondary,0,1,0
26,27112,unemployed,male,sc,primary,0.2,0,0
49,109652,daily_wage,other,general,primary,0,1,0
36,135897,other,female,st,postgraduate,0.6,1,1
34,207035,farmer,other,sc,graduate,0,1,0
53,41991,salaried,other,general,secondary,0.7,0,0
42,304565,farmer,female,st,postgraduate,2.0,0,1
45,23162,unemployed,other,sc,postgraduate,0,0,0
54,153929,farmer,male,st,postgraduate,0,0,0
37,30716,student,male,st,postgraduate,0.4,1,0
70,442770,self_employed,other,st,none,0.1,0,0
55,551328,salaried,other,general,secondary,1.0,0,0
39,249028,self_employed,male,sc,none,0,0,0
42,484330,self_employed,male,general,primary,0.8,0,1
57,113744,other,female,st,postgraduate,0.6,1,0
45,28103,student,other,obc,postgraduate,0.7,0,0
26,142612,other,female,general,postgraduate,0.1,0,0
20,18615,unemployed,male,st,primary,0,1,0
31,181172,other,female,general,primary,0.9,0,0
44,22491,student,male,sc,primary,0.7,0,0
36,32266,student,other,sc,primary,0,0,0
41,393055,salaried,male,sc,postgraduate,0,0,1
47,17078,farmer,female,st,graduate,0.1,1,0
33,194043,self_employed,male,general,graduate,0.7,0,0
37,161942,self_employed,female,obc,none,0,0,0
34,48303,farmer,male,general,graduate,0,0,0
22,57626,daily_wage,other,sc,secondary,0,0,0
54,15689,unemployed,female,obc,postgraduate,0,1,0
25,349454,self_employed,other,st,none,0,0,0
35,379354,salaried,other,general,primary,0.0,0,0
51,337772,farmer,female,sc,none,0.6,0,1
37,7979,unemployed,male,obc,secondary,1.5,0,0
28,487809,self_employed,male,obc,primary,0,0,0
31,13027,unemployed,other,obc,secondary,0.4,0,0
16,34022,student,female,obc,secondary,0.7,1,0
60,120169,self_employed,female,st,secondary,0.2,1,0
26,159204,farmer,male,obc,none,2.9,0,0
60,82666,daily_wage,other,sc,secondary,1.0,1,0
66,384860,self_employed,other,sc,primary,0.2,0,0
30,607833,self_employed,other,obc,primary,0.8,0,0
26,52142,daily_wage,female,obc,graduate,1.0,0,1
39,13543,unemployed,male,sc,secondary,0,0,0
47,625006,salaried,other,sc,primary,0.9,0,0
41,202134,other,male,st,primary,0.2,0,0
47,24272,student,male,sc,postgraduate,0.2,1,0
43,52814,self_employed,female,obc,postgraduate,0,0,0
37,97619,daily_wage,other,obc,graduate,0,0,0
37,27300,student,female,general,postgraduate,0.9,1,1
48,54604,farmer,male,general,graduate,3.8,0,0
41,163119,farmer,female,st,none,2.9,0,0
55,961508,salaried,other,obc,none,0.4,0,0
38,84414,daily_wage,male,obc,graduate,0,1,0
16,13499,unemployed,male,st,none,1.0,0,0
49,252546,salaried,male,sc,graduate,0.4,0,0
39,39132,student,other,st,secondary,0,0,0
58,13647,unemployed,male,general,primary,0.4,0,0
43,100487,daily_wage,female,sc,primary,0,1,0
45,18049,unemployed,other,st,secondary,0,1,0
41,275564,farmer,male,st,postgraduate,0,0,0
19,8542,unemployed,male,obc,graduate,0,0,0
62,96446,farmer,other,general,secondary,2.6,1,0
38,135125,daily_wage,female,obc,secondary,0,1,0
26,53556,daily_wage,male,sc,graduate,0.6,1,0
34,468074,self_employed,female,obc,none,0.6,0,0
26,708338,self_employed,other,obc,none,0,0,0
30,10743,unemployed,male,sc,postgraduate,1.3,0,1
39,559991,self_employed,other,general,primary,1.5,0,0
33,625939,salaried,other,obc,postgraduate,0.7,0,0
35,176221,other,other,obc,graduate,0,0,0
48,410129,farmer,female,obc,postgraduate,2.1,0,1
43,246667,salaried,male,st,none,0.8,0,0
27,1174265,salaried,female,st,primary,0.2,0,0
45,635457,self_employed,other,sc,graduate,0,0,0
16,5477,student,male,obc,secondary,0.4,0,0
46,332620,self_employed,male,sc,secondary,0.9,0,0
49,868367,salaried,other,st,none,0.9,0,0
57,15448,unemployed,male,general,graduate,0,1,0
38,8318,unemployed,male,st,none,1.1,1,0
50,13006,unemployed,female,general,graduate,0.7,0,0
38,25387,student,other,sc,none,0,0,0
35,114470,other,male,sc,secondary,0.0,0,0
35,8924,unemployed,female,obc,postgraduate,0.1,1,1
63,283714,self_employed,female,obc,secondary,0,0,0
62,73284,daily_wage,other,st,none,0.3,0,0
39,163682,daily_wage,other,obc,postgraduate,0.2,0,0
16,33426,student,female,obc,none,0,1,0
53,615420,self_employed,male,obc,postgraduate,0.6,0,0
40,228172,self_employed,other,general,secondary,0,1,0
35,151587,other,other,st,secondary,0,0,0
61,86483,daily_wage,male,sc,primary,0.6,0,1
44,17933,student,female,obc,graduate,0.0,0,0
48,335237,farmer,other,sc,postgraduate,1.7,0,0
40,159658,daily_wage,other,st,secondary,0,0,0
52,11698,unemployed,female,st,none,0,1,0
52,1136410,salaried,female,obc,none,0.2,0,0
23,544001,self_employed,other,sc,none,0.1,0,0
62,9986,unemployed,female,sc,primary,0.2,1,0
16,25238,student,female,obc,secondary,0.6,1,0
66,382270,self_employed,female,sc,secondary,0.5,0,0
33,249367,farmer,male,sc,graduate,4.3,0,0
28,30359,unemployed,other,sc,graduate,0,0,0
33,86649,daily_wage,male,obc,secondary,0,0,0
33,63715,daily_wage,female,st,primary,0.3,1,0
72,0,farmer,male,st,none,1.1,0,1
45,155549,self_employed,other,obc,postgraduate,0,0,0
53,152314,other,other,obc,graduate,0,0,0
42,3964,student,other,st,none,0.2,0,0
37,148270,farmer,female,sc,graduate,0.3,0,0
51,122010,farmer,other,general,primary,0.6,1,1
24,55688,daily_wage,other,obc,primary,0.1,0,0
32,119467,daily_wage,male,general,none,0.6,1,0
40,13329,student,male,general,none,0.6,0,0
43,109045,farmer,other,sc,primary,4.5,0,0
47,834707,salaried,male,st,primary,1.0,0,0
41,1079834,salaried,male,sc,secondary,0.4,0,0
36,19947,unemployed,male,st,none,0.9,1,0
62,33787,daily_wage,female,general,none,0,1,0
20,15654,unemployed,other,obc,graduate,0.8,1,0
52,588327,salaried,female,general,primary,0.6,0,0
16,18013,unemployed,male,st,primary,0,1,0
42,1202687,salaried,male,general,secondary,0.8,0,0
30,303483,farmer,male,general,postgraduate,1.7,0,0
55,301199,salaried,female,st,postgraduate,0,0,0
16,102479,daily_wage,female,sc,graduate,1.1,0,0
46,32966,student,male,st,postgraduate,0,1,1
41,85997,daily_wage,male,obc,postgraduate,0,0,0
17,29157,student,other,general,secondary,0.7,1,0
59,409184,self_employed,female,st,graduate,0,0,0
27,264835,farmer,other,sc,secondary,0.9,0,1
18,14484,unemployed,male,obc,secondary,0.9,0,0
25,57462,daily_wage,other,st,none,0,1,0
52,352995,self_employed,male,obc,postgraduate,0,0,1
26,189370,other,male,general,graduate,1.1,0,0
27,216751,farmer,other,obc,graduate,5.3,0,0
16,13357,student,other,sc,secondary,0,0,0
61,298804,self_employed,male,sc,none,0,0,1
40,298102,farmer,female,general,graduate,0,0,0
42,20269,student,female,general,postgraduate,0,1,0
40,463757,self_employed,female,obc,secondary,0,0,0
46,18630,unemployed,male,sc,graduate,0,1,0
27,224256,other,male,sc,none,0.3,0,0
46,254448,salaried,other,sc,primary,0,0,0
50,46644,student,male,obc,postgraduate,0.2,1,0
75,152108,farmer,male,sc,secondary,0,0,0
50,554308,salaried,female,sc,primary,0.1,1,0
28,248786,self_employed,other,st,secondary,0.1,0,0
51,18970,unemployed,female,obc,primary,0,0,0
20,100879,daily_wage,male,st,primary,0,0,0
48,569738,self_employed,female,sc,postgraduate,0.6,0,0
40,10442,student,other,obc,primary,1.8,0,0
17,33973,student,female,general,secondary,0.7,0,0
23,635234,salaried,male,sc,graduate,0.7,0,0
46,180488,farmer,other,obc,graduate,2.7,0,0
16,43415,daily_wage,male,st,secondary,0,1,0
27,24635,student,male,general,secondary,0.7,1,0
31,116329,farmer,other,st,postgraduate,2.6,1,0
27,207522,farmer,other,st,secondary,1.8,0,0
51,19627,unemployed,female,obc,none,0,0,0
37,91744,daily_wage,male,general,graduate,0,0,0
45,160320,farmer,female,st,postgraduate,5.1,0,0
56,17582,unemployed,female,obc,primary,0,0,1
67,83015,farmer,female,st,none,0.6,0,0
22,325996,farmer,male,obc,postgraduate,2.6,0,0
25,1070387,self_employed,other,st,secondary,1.0,0,0
39,80771,daily_wage,other,sc,none,0,0,0
44,19372,student,male,obc,none,0.1,0,0
45,33055,daily_wage,female,sc,primary,0.5,0,0
56,66546,daily_wage,female,obc,secondary,1.0,1,0
31,30941,unemployed,female,st,secondary,0.5,1,0
60,52541,self_employed,other,st,primary,0.5,1,0
23,246205,other,male,sc,primary,0.4,0,0
37,14917,unemployed,male,obc,postgraduate,0.1,1,0
31,44623,student,female,obc,graduate,0,0,0
31,213361,other,male,obc,primary,1.5,0,1
34,106976,self_employed,female,general,graduate,0.0,0,0
32,444473,self_employed,female,general,graduate,0.9,0,0
61,222620,self_employed,other,general,none,1.0,0,0
31,13235,unemployed,female,general,graduate,0.3,1,0
29,11778,unemployed,other,general,primary,0.7,0,0
48,47958,daily_wage,male,sc,graduate,0,0,0
28,277890,self_employed,other,st,primary,0,0,0
56,13348,student,other,sc,postgraduate,0.8,0,0
65,1965,unemployed,other,st,secondary,0.5,0,0
40,277839,farmer,other,st,postgraduate,1.5,0,0
33,828324,salaried,female,st,postgraduate,1.5,0,0
58,25642,student,female,general,graduate,0,0,0
55,34594,student,female,sc,graduate,0.1,0,0
54,0,unemployed,female,sc,postgraduate,0,0,0
17,25430,student,male,general,secondary,0.9,1,0
48,444463,self_employed,male,general,graduate,0,0,0
22,102533,other,female,general,postgraduate,0,1,0
23,674121,self_employed,other,obc,graduate,0,0,0
32,519740,self_employed,male,general,primary,0.8,0,0
40,18833,student,male,general,secondary,0,1,0
41,265005,other,other,general,postgraduate,0.7,0,0
44,8,student,other,general,secondary,0.4,0,0
33,208029,farmer,other,st,primary,2.9,0,0
56,192548,farmer,female,obc,none,1.8,0,0
20,138756,daily_wage,other,sc,secondary,0,0,0
47,0,salaried,other,sc,none,0.6,0,1
44,301084,self_employed,female,obc,none,0.5,0,0
38,630115,self_employed,male,sc,postgraduate,0.8,0,0
53,26390,student,other,obc,postgraduate,0.1,1,1
42,510335,self_employed,other,obc,graduate,0,0,0
43,369987,farmer,other,st,postgraduate,2.7,0,0
72,23276,unemployed,female,general,none,0,1,0
49,287541,farmer,other,sc,none,2.7,0,0
63,77664,daily_wage,other,general,secondary,0.3,1,1
16,39724,student,female,general,primary,0,0,0
33,14407,student,male,sc,graduate,0,1,0
16,31892,student,other,st,secondary,0.0,0,0
28,57780,other,other,st,secondary,0,1,0
54,589611,self_employed,male,obc,graduate,0,0,0
16,48954,student,male,st,graduate,0.5,1,0
41,21163,unemployed,other,st,secondary,0,1,0
36,4744,unemployed,female,obc,primary,0.5,1,0
65,281687,farmer,male,obc,primary,6.0,0,0
70,155316,farmer,other,obc,none,0.2,0,0
57,740808,self_employed,female,sc,secondary,0,0,0
62,150794,daily_wage,female,sc,none,1.3,0,0
16,107051,daily_wage,female,sc,secondary,0.3,1,0
37,138802,daily_wage,other,general,primary,0,0,1
44,0,student,female,obc,secondary,0.8,0,0
61,116616,daily_wage,male,sc,secondary,0,1,0
55,170815,self_employed,female,st,postgraduate,0.4,0,0
22,203899,farmer,male,st,primary,0,0,0
45,134972,farmer,other,sc,primary,0.1,1,0
37,26342,student,male,sc,secondary,0,0,0
27,154010,other,male,st,none,0.6,0,0
36,361820,self_employed,female,general,secondary,0,0,0
34,421041,self_employed,male,st,primary,0,0,0
29,22468,student,male,general,primary,1.1,1,0
57,25175,student,male,st,primary,0.2,1,0
53,0,daily_wage,other,general,primary,0,0,0
33,461294,salaried,female,obc,none,0.5,0,0
49,1022269,salaried,male,obc,secondary,0.4,0,0
40,141606,other,other,general,none,0,0,0
41,19486,unemployed,female,general,graduate,0.3,0,0
44,20291,unemployed,female,sc,primary,0,0,0
67,120047,farmer,female,st,secondary,2.4,1,0
34,29885,student,female,sc,primary,1.5,0,0
27,275154,farmer,other,st,graduate,1.7,0,0
52,40179,student,other,obc,none,0.5,0,0
16,17353,student,male,obc,graduate,0,0,0
20,28116,daily_wage,other,general,secondary,0.7,1,0
16,157795,daily_wage,other,st,graduate,1.6,0,0
56,582345,salaried,male,st,primary,0.4,0,0
31,69927,daily_wage,other,st,none,0.3,1,1
41,167126,other,other,obc,primary,0,0,0
47,278391,self_employed,other,sc,none,0,0,0
42,20076,student,male,st,none,0,1,0
47,158189,other,female,st,postgraduate,0,0,0
16,67304,daily_wage,male,st,secondary,0,1,0
42,83110,daily_wage,other,obc,primary,1.3,0,1
41,9159,unemployed,female,sc,none,0.2,0,0
16,18023,student,other,obc,secondary,0.6,1,0
49,26628,unemployed,male,sc,graduate,0,0,0
21,16535,student,other,st,none,1.0,0,0
36,15324,student,other,obc,graduate,0.6,1,0
24,70055,farmer,female,st,postgraduate,0.2,0,0
61,733305,self_employed,other,sc,secondary,0,0,0
49,465913,self_employed,female,general,primary,0.6,0,0
29,24577,student,female,sc,none,0.3,0,0
39,86580,daily_wage,female,obc,secondary,0.7,0,0
45,5209,unemployed,female,general,none,0.4,0,0
79,119174,daily_wage,female,obc,primary,0,1,0
25,22517,student,female,obc,none,0.4,0,0
26,139675,farmer,other,obc,primary,0.9,1,0
43,150664,other,male,obc,graduate,0.4,0,0
31,3917,student,female,general,graduate,0.6,1,0
37,57285,daily_wage,male,obc,postgraduate,0.6,1,1
52,200854,other,male,st,none,0.4,0,0
48,205426,farmer,male,general,graduate,0,0,1
55,12112,unemployed,female,sc,none,0.5,1,0
42,85119,other,male,obc,graduate,0,0,0
32,216215,self_employed,other,obc,primary,0,0,0
57,36511,daily_wage,female,general,none,0.5,1,0
47,13748,unemployed,female,general,secondary,0,0,0
23,179659,salaried,other,general,primary,0.5,0,0
16,34084,daily_wage,female,obc,none,0.9,0,0
43,87482,daily_wage,male,general,none,0,0,1
28,110389,daily_wage,female,st,secondary,0,0,0
43,79281,farmer,female,obc,primary,0.6,1,0
38,704651,self_employed,female,st,secondary,0,0,0
31,86525,daily_wage,female,obc,postgraduate,0.3,0,0
39,33499,student,female,obc,graduate,0.5,0,0
51,33604,student,male,general,none,0,0,0
49,128669,other,female,general,none,0.8,0,1
45,36881,student,male,general,secondary,0,1,0
28,32346,student,other,st,none,0.2,1,0
16,57037,student,female,st,graduate,0,0,0
48,114831,daily_wage,female,general,graduate,0.4,0,0
16,95973,daily_wage,female,sc,none,1.5,0,0
45,66347,farmer,female,obc,graduate,1.8,0,0
41,68966,self_employed,male,sc,postgraduate,0,1,0
22,49332,other,female,general,graduate,0.1,0,0
63,52153,daily_wage,other,st,primary,0,0,0
24,20430,unemployed,other,st,none,0,0,0
60,711234,self_employed,female,general,none,0.4,0,0
44,242806,salaried,other,st,primary,0,0,0
39,466657,self_employed,male,sc,postgraduate,0.2,0,0
47,36886,student,female,general,graduate,0.4,1,0
16,16889,unemployed,male,obc,secondary,0.8,0,0
24,28141,student,male,general,secondary,0,1,0
53,293359,other,female,sc,none,0.6,0,0
16,40570,student,female,sc,graduate,0,1,0
38,101598,daily_wage,female,general,none,1.5,0,0
43,59743,daily_wage,other,st,secondary,0.1,0,0
27,10451,unemployed,other,st,postgraduate,0.3,1,0
52,63846,daily_wage,female,sc,primary,0.8,0,0
16,7210,student,female,obc,secondary,0,1,0
42,20781,student,female,st,graduate,0.8,0,0
60,228430,farmer,other,general,secondary,1.7,0,0
50,239344,other,male,general,none,0.3,0,0
48,448449,self_employed,female,sc,secondary,0.2,0,0
16,91681,daily_wage,other,st,graduate,0.6,0,0
16,40092,student,male,st,none,0,1,0
16,20418,student,female,general,none,0,0,0
36,10795,unemployed,female,sc,none,1.3,0,0
55,0,other,female,sc,graduate,0.1,0,0
44,20868,student,female,st,postgraduate,0,0,0
26,239661,farmer,female,sc,secondary,3.0,0,0
35,158704,farmer,female,obc,graduate,2.6,0,0
52,294209,farmer,other,obc,postgraduate,1.2,0,0
17,90399,daily_wage,female,general,graduate,0,0,1
17,48992,student,female,sc,secondary,0,1,0
45,167253,other,female,st,graduate,0.1,0,0
30,215825,other,male,sc,primary,0.2,0,0
58,146985,self_employed,male,general,none,0,0,0
44,231041,other,female,general,primary,0.2,0,0
20,11612,unemployed,male,general,primary,0,0,0
41,21925,student,other,sc,secondary,1.0,0,0
45,20258,unemployed,male,obc,primary,0.3,1,0
40,15838,student,male,general,postgraduate,0.7,1,0
67,25626,daily_wage,other,sc,secondary,0.4,1,0
46,21810,student,female,general,none,1.4,0,0
53,846135,salaried,female,obc,graduate,0.9,0,0
44,692331,salaried,other,sc,secondary,0,0,0
36,80244,farmer,other,sc,secondary,5.2,0,0
53,535267,self_employed,male,st,primary,0,0,0
31,728644,self_employed,male,general,secondary,0.4,0,1
69,24833,daily_wage,female,general,secondary,0,0,0
53,244926,self_employed,female,general,postgraduate,0.0,0,0
21,78695,daily_wage,male,st,none,0.1,0,0
30,30260,student,male,st,graduate,0.9,1,0
27,214804,other,female,st,graduate,0.9,0,0
31,292444,farmer,female,st,secondary,1.0,0,0
16,33792,student,other,st,none,0,1,0
24,135459,other,female,obc,primary,0.7,1,1
29,40766,farmer,female,sc,graduate,2.3,1,1
34,655611,salaried,female,obc,graduate,0.2,0,0
43,15415,student,other,obc,primary,0,1,0
28,560932,self_employed,female,obc,none,0,1,0
36,189655,other,female,general,none,0,0,0
21,72508,daily_wage,other,obc,secondary,0,1,0
25,248391,self_employed,female,obc,none,0.9,0,0
32,161044,self_employed,male,general,primary,0.0,0,0
36,105935,farmer,female,sc,primary,0,0,0
45,147907,other,other,sc,graduate,0.4,1,1
24,844626,salaried,female,general,primary,0.1,0,0
26,613200,salaried,male,obc,postgraduate,0,0,0
51,1039852,salaried,other,st,secondary,1.3,0,1
40,3981,student,other,st,none,0.6,0,0
39,17891,unemployed,female,st,none,0,0,0
31,1149465,salaried,male,sc,secondary,0.8,0,0
46,22658,unemployed,male,st,secondary,0.6,0,0
41,106756,daily_wage,male,sc,graduate,0,0,0
41,28445,student,female,general,postgraduate,0,0,0
54,31655,unemployed,other,sc,graduate,0.5,0,1
35,160796,self_employed,female,sc,primary,0,0,0
67,90436,daily_wage,male,general,primary,0,1,0
16,15558,unemployed,male,obc,graduate,0,1,0
37,388605,farmer,other,st,secondary,0,0,0
25,21401,unemployed,male,obc,secondary,0.0,0,0
38,31317,student,male,st,postgraduate,1.0,1,0
65,144071,self_employed,other,sc,primary,0,0,0
16,78287,daily_wage,male,sc,graduate,0,0,0
16,49079,student,male,general,primary,0.3,0,0
36,300362,self_employed,female,obc,graduate,0,0,0
28,52223,daily_wage,female,sc,graduate,0,0,0
41,146324,farmer,female,sc,primary,3.2,1,1
51,23132,student,other,sc,postgraduate,0.9,1,0
44,147934,farmer,other,sc,secondary,0.6,1,0
51,123547,daily_wage,other,general,graduate,0,1,0
29,51035,student,other,general,graduate,1.6,1,0
38,127213,other,male,st,graduate,0.6,1,0
50,105602,daily_wage,other,general,none,1.9,0,0
21,16752,unemployed,other,sc,secondary,0.2,0,0
43,25078,self_employed,male,obc,none,0,1,0
24,172235,farmer,other,st,graduate,3.7,0,0
16,70210,daily_wage,other,obc,secondary,0.0,1,0
23,17561,student,female,obc,graduate,0,0,0
67,24793,unemployed,female,general,primary,0,0,0
38,222841,other,male,general,none,0,0,0
63,243048,self_employed,female,st,primary,0.7,0,0
54,802796,salaried,male,obc,none,0.1,0,0
33,166241,farmer,other,obc,postgraduate,0.2,0,0
59,726570,salaried,other,general,secondary,0,0,0
34,292937,farmer,female,sc,postgraduate,2.9,0,0
38,150529,daily_wage,female,st,graduate,0.4,0,0
53,201056,other,male,st,none,0,0,0
18,10400,unemployed,other,obc,secondary,0.6,1,1
72,540983,self_employed,male,general,secondary,0.9,0,0
24,127210,other,female,sc,graduate,0.2,1,0
51,52290,self_employed,female,obc,none,0,0,0
35,34684,student,female,general,secondary,0,0,0
42,67419,daily_wage,other,sc,graduate,0.2,0,0
58,23861,other,other,obc,graduate,1.2,0,0
62,360880,self_employed,other,sc,none,0.1,0,0
32,727761,salaried,other,st,none,0.5,0,0
32,649271,self_employed,female,st,none,0.0,0,1
51,25853,student,female,sc,secondary,0.7,0,1
27,578624,salaried,other,sc,postgraduate,0.2,0,0
22,58548,daily_wage,female,obc,postgraduate,0,0,0
29,243375,other,male,general,primary,0.5,0,0
52,840685,salaried,female,general,primary,1.2,0,0
29,246453,self_employed,female,obc,graduate,0,0,0
65,240361,farmer,female,obc,secondary,1.3,0,0
41,10491,unemployed,male,st,postgraduate,0.2,1,0
30,561149,self_employed,female,sc,graduate,1.3,0,0
46,132536,other,male,st,none,0.4,1,0
19,12028,unemployed,male,sc,primary,0.1,1,1
58,485961,salaried,other,sc,secondary,0.5,0,0
35,243032,salaried,other,general,primary,0,0,0
33,487667,self_employed,other,sc,graduate,0.3,0,0
82,52144,farmer,male,sc,primary,3.5,0,0
35,16904,unemployed,other,obc,none,0,1,0
42,72171,other,other,obc,graduate,0,1,0
30,451251,self_employed,other,sc,secondary,1.4,0,0
55,9023,farmer,female,obc,secondary,0,0,0
63,9845,unemployed,female,sc,secondary,0.9,1,0
19,19440,unemployed,male,st,primary,0.4,0,0
60,478351,self_employed,male,general,primary,0.3,0,0
65,15571,daily_wage,other,general,none,0.3,1,0
73,22047,unemployed,other,st,none,0,0,0
42,47038,daily_wage,other,st,primary,0.0,1,1
45,155484,daily_wage,male,general,graduate,0.2,0,0
67,5936,daily_wage,other,general,none,0.4,0,0
30,35216,student,other,obc,primary,0.2,1,0
36,232745,other,male,obc,primary,0.9,0,0
47,429842,self_employed,female,sc,secondary,0,0,0
44,85362,daily_wage,female,sc,primary,1.1,1,0
54,256674,other,female,obc,secondary,0,0,0
27,617022,salaried,other,obc,secondary,0.2,0,0
38,51789,daily_wage,female,general,graduate,0,1,0
60,51817,daily_wage,female,obc,secondary,0,0,0
33,12906,unemployed,male,obc,primary,0.4,0,1
16,10574,student,other,sc,secondary,0.5,0,0
41,19114,student,female,sc,primary,0.2,1,0
40,36057,student,other,obc,none,0,0,0
35,22442,unemployed,female,sc,secondary,0,0,0
46,1019237,salaried,male,obc,primary,0,0,0
33,908042,self_employed,other,st,graduate,0.4,0,0
57,13632,student,male,obc,none,0,1,0
57,932145,salaried,male,general,none,0,0,0
66,472789,self_employed,male,obc,primary,0,0,0
22,3320,unemployed,female,sc,none,0.3,1,1
18,24569,unemployed,female,general,graduate,0.4,1,1
28,349655,self_employed,female,obc,secondary,0,0,0
39,178268,other,male,general,secondary,0.0,1,1
51,29931,unemployed,male,general,primary,1.8,0,0
43,0,unemployed,other,obc,secondary,0.8,0,0
20,29908,student,other,sc,none,0.5,0,0
34,24128,student,female,st,none,0.5,1,0
32,13683,unemployed,male,sc,none,0,0,1
41,196180,farmer,other,st,primary,0.3,0,0
32,206530,self_employed,other,general,primary,0.2,0,1
40,1010091,salaried,male,obc,graduate,0.4,0,0
27,663861,salaried,female,sc,graduate,1.3,0,0
23,9188,unemployed,male,st,postgraduate,0,1,0
56,610638,salaried,other,sc,graduate,0.3,0,0
56,1019884,salaried,female,obc,none,1.2,0,0
34,818442,salaried,female,general,secondary,0.2,0,0
16,16914,unemployed,male,obc,secondary,1.1,1,0
38,14491,student,male,st,postgraduate,0,1,0
46,0,unemployed,other,st,primary,0.4,0,0
23,0,student,other,obc,none,0,1,0
42,380247,self_employed,other,st,postgraduate,0,0,0
38,12391,unemployed,female,st,primary,0.3,1,0
58,23396,daily_wage,other,st,graduate,0.1,0,0
29,183358,other,male,obc,none,0,0,0
42,55716,daily_wage,male,st,none,0.3,0,0
26,6711,unemployed,female,general,none,0.8,1,0
36,20634,student,male,st,graduate,0.5,0,0
42,434851,self_employed,other,obc,secondary,0.5,1,0
22,222702,farmer,other,st,secondary,3.0,0,0
48,5905,unemployed,male,obc,primary,0.3,0,0
50,10966,unemployed,female,general,none,0,0,0
30,267125,farmer,other,sc,secondary,2.6,0,0
43,0,daily_wage,other,general,primary,0,0,0
33,63022,daily_wage,male,obc,primary,0.8,1,0
51,13675,unemployed,male,obc,none,0,0,0
36,113661,daily_wage,other,obc,secondary,0.5,1,0
61,483623,farmer,male,general,primary,2.7,0,0
51,272691,salaried,male,st,none,0.3,0,0
24,365748,salaried,male,sc,secondary,0.6,0,0
43,18185,unemployed,other,obc,primary,0,0,0
42,144549,farmer,other,st,secondary,4.3,1,0
40,28956,student,female,sc,secondary,0.3,0,1
43,154949,farmer,other,sc,secondary,1.1,0,1
63,17635,unemployed,male,general,none,0.3,0,0
44,451084,salaried,male,st,none,0,0,0
56,106028,daily_wage,female,obc,primary,0,0,0
55,419141,self_employed,female,general,graduate,0.9,0,0
50,0,farmer,other,sc,primary,1.4,0,0
33,46055,other,other,sc,secondary,1.1,1,0
49,34496,self_employed,male,st,none,0.3,0,0
48,134818,daily_wage,other,sc,graduate,1.3,1,0
34,18487,student,male,obc,postgraduate,0,0,0
31,16342,unemployed,other,st,primary,0,0,0
35,176746,other,female,general,none,0.5,0,0
34,265006,farmer,male,sc,postgraduate,0,0,0
36,21663,student,male,sc,postgraduate,0.6,0,0
33,16907,unemployed,male,general,secondary,0,0,0
66,59054,daily_wage,female,sc,secondary,0,0,0
20,15421,unemployed,female,st,graduate,0,0,0
43,64746,farmer,female,obc,postgraduate,0,0,0
32,79775,daily_wage,other,obc,postgraduate,0,0,0
34,25594,student,female,sc,postgraduate,0,0,0
60,13373,unemployed,female,sc,secondary,0.8,0,0
33,217682,daily_wage,female,st,none,0.6,0,0
74,12351,unemployed,other,sc,none,0.3,1,0
49,277419,farmer,male,obc,primary,0,0,1
60,17588,unemployed,female,sc,primary,0.8,1,0
41,166931,other,male,general,none,1.6,0,0
36,24586,unemployed,male,sc,primary,0,0,1
16,22585,student,female,sc,none,0.6,1,0
43,640846,salaried,other,sc,graduate,0.9,0,0
17,22036,student,male,sc,primary,0.1,0,1
54,13705,student,male,obc,secondary,0,0,0
23,126729,other,male,sc,primary,0.0,0,0
26,17948,unemployed,other,sc,none,0.2,1,0
35,17003,unemployed,female,sc,secondary,1.0,1,0
43,549673,self_employed,female,sc,primary,0.4,0,0
35,9804,unemployed,other,st,graduate,0.8,1,0
16,46893,daily_wage,other,obc,graduate,0.9,0,0
56,116604,daily_wage,female,sc,primary,0.8,0,0
22,110817,daily_wage,female,sc,secondary,0,0,0
16,104922,daily_wage,male,general,graduate,1.3,1,0
58,228810,other,female,obc,none,0.0,0,0
16,69816,daily_wage,male,obc,secondary,0.2,0,1
27,219693,farmer,male,obc,postgraduate,0,0,0
16,0,unemployed,male,st,primary,0,0,0
49,363175,self_employed,other,sc,postgraduate,0,0,0
60,102479,daily_wage,other,sc,primary,0.8,1,0
34,746442,salaried,other,st,graduate,0.4,0,0
30,83605,salaried,male,st,postgraduate,0,0,0
30,754072,salaried,male,obc,primary,0.3,0,0
44,407695,salaried,other,general,postgraduate,0,0,0
47,21162,unemployed,male,general,graduate,0,0,0
85,19635,unemployed,female,sc,secondary,0,1,0
39,197382,salaried,other,obc,graduate,0.4,0,1
40,60335,farmer,female,sc,none,2.2,1,0
16,28533,unemployed,female,obc,none,0,1,0
36,851780,salaried,female,obc,secondary,0.5,0,0
41,380034,farmer,male,sc,graduate,2.7,0,0
63,454400,self_employed,male,sc,primary,1.0,0,0
52,418090,self_employed,other,st,postgraduate,0.2,0,0
45,126852,farmer,female,general,secondary,2.5,0,0
30,100554,daily_wage,female,sc,primary,0.4,1,0
18,23460,unemployed,male,general,secondary,1.2,0,0
33,28556,student,male,sc,graduate,0.9,1,0
56,154689,other,female,general,secondary,0.4,0,0
25,130368,self_employed,female,general,primary,0.8,1,0
65,197014,farmer,other,obc,secondary,0.4,0,0
45,20325,unemployed,other,obc,postgraduate,0,0,0
37,15634,unemployed,female,general,secondary,1.4,0,1
45,575977,salaried,female,general,primary,1.8,0,0
39,176749,farmer,female,general,secondary,2.9,0,0
39,255725,self_employed,male,sc,none,0,0,0
43,305313,farmer,other,sc,none,0,0,0
24,149217,other,other,obc,none,0.3,0,0
17,45946,student,male,st,none,1.5,1,0
40,79119,daily_wage,male,st,none,0.9,1,0
36,657046,salaried,female,st,postgraduate,0,0,0
27,11817,unemployed,other,st,primary,0.5,0,0
35,166117,other,other,general,secondary,1.1,0,1
28,203660,farmer,female,obc,primary,1.8,0,0
16,36150,student,female,st,graduate,0.8,0,0
27,13042,unemployed,male,general,primary,0,1,0
36,83111,farmer,female,st,primary,0,1,0
40,77765,daily_wage,female,st,primary,0.2,0,0
16,18234,daily_wage,male,st,secondary,0.7,1,1
51,37615,student,male,st,primary,0,0,0
58,34336,student,female,st,postgraduate,0.9,0,1
49,93167,daily_wage,other,obc,primary,0.2,1,0
34,558294,self_employed,male,st,postgraduate,0.2,0,1
40,436092,salaried,female,sc,secondary,0.7,0,0
51,674264,self_employed,male,st,primary,0,0,0
34,25646,unemployed,female,obc,graduate,0.9,0,0
16,19333,student,male,general,secondary,0,0,0
36,83287,other,male,st,secondary,0.2,1,0
27,209377,other,other,sc,postgraduate,0,0,0
26,1043126,salaried,other,general,secondary,0.3,0,0
36,3190,student,other,sc,primary,0.9,0,0
30,137254,farmer,male,general,graduate,0.7,0,0
59,43290,student,other,obc,graduate,0,0,0
45,108827,other,male,st,graduate,0.7,0,0
37,78681,daily_wage,male,st,graduate,0,0,0
40,100673,farmer,female,st,secondary,2.3,1,0
38,59684,daily_wage,other,st,secondary,0.0,0,0
19,117197,daily_wage,other,st,primary,0.2,1,0
50,5737,student,female,obc,secondary,1.1,0,0
55,27227,student,other,sc,secondary,0.5,0,0
16,61542,daily_wage,male,st,secondary,0,0,0
72,279787,self_employed,female,general,secondary,0,0,1
51,72699,daily_wage,male,sc,secondary,0,0,0
42,670162,salaried,male,st,secondary,0.0,0,0
78,184786,farmer,male,general,secondary,1.9,0,0
42,118709,daily_wage,other,st,none,0,1,0
80,315961,self_employed,other,general,none,0.5,0,0
50,10677,salaried,female,obc,graduate,1.1,0,0
26,318453,farmer,male,sc,secondary,0.4,0,1
45,289851,farmer,female,sc,postgraduate,0,0,0
39,9505,farmer,male,st,none,0,0,0
78,13110,unemployed,other,st,none,0,0,0
26,45811,other,other,general,none,0,0,0
17,105461,daily_wage,female,general,secondary,0,0,0
54,162309,other,other,st,none,0,1,0
46,462883,self_employed,other,general,graduate,0.1,0,0
52,196933,farmer,female,st,primary,3.2,0,0
32,128386,other,male,sc,secondary,0,0,0
40,496744,salaried,other,general,postgraduate,0.1,0,0
27,573574,salaried,female,st,postgraduate,0.7,0,0
79,213111,farmer,male,sc,secondary,2.6,0,1
44,476785,salaried,female,sc,postgraduate,0,0,0
43,194554,other,male,sc,none,0.4,0,0
42,120522,other,female,sc,none,0.5,1,0
35,99804,daily_wage,female,obc,primary,0,0,0
63,221168,farmer,male,general,secondary,1.9,0,0
36,770193,salaried,female,obc,graduate,1.1,0,0
16,35064,daily_wage,other,st,graduate,0.5,1,0
36,12390,student,male,st,primary,0.4,0,0
35,25533,unemployed,female,st,graduate,0,1,0
30,162167,other,other,obc,primary,1.0,0,1
30,320219,other,female,sc,secondary,0.0,0,0
38,96213,daily_wage,other,st,graduate,0,1,0
38,262886,farmer,female,st,none,1.3,0,0
30,19037,student,other,st,postgraduate,0,0,0
29,586347,self_employed,other,general,primary,0.7,0,0
62,376896,self_employed,female,sc,primary,0.2,1,0
46,345484,salaried,male,st,graduate,0.5,0,0
27,36534,student,other,obc,none,0,0,0
35,522008,self_employed,female,general,postgraduate,0.9,0,1
37,81098,daily_wage,other,general,postgraduate,0.8,1,0
37,41385,student,female,obc,postgraduate,1.6,1,1
59,18824,unemployed,male,st,secondary,0,1,0
44,609420,self_employed,other,general,none,0.4,0,0
58,0,farmer,other,general,postgraduate,1.4,0,0
35,215839,other,female,obc,primary,0,0,0
31,202344,other,female,obc,graduate,0,0,0
16,24080,student,female,st,primary,0,0,0
33,684700,self_employed,female,sc,secondary,0.5,1,0
27,40954,daily_wage,male,st,primary,0.9,0,0
57,39335,other,other,st,graduate,0.6,1,0
43,250212,salaried,female,sc,postgraduate,0,0,0
30,899688,salaried,male,st,postgraduate,0,0,0
37,460561,self_employed,other,general,graduate,0,0,0
39,66314,daily_wage,male,obc,primary,0.7,0,0
29,82840,daily_wage,other,general,graduate,0,0,0
36,317304,farmer,male,sc,none,0,0,0
62,42258,daily_wage,female,general,primary,0.4,1,0
53,17102,unemployed,male,st,postgraduate,1.2,1,0
22,26357,unemployed,male,sc,primary,0.0,0,0
46,30709,student,female,sc,postgraduate,0,0,0
55,321499,salaried,other,general,none,0,0,0
39,57070,farmer,male,st,graduate,4.1,0,0
43,26152,student,female,sc,primary,0.1,1,0
45,208903,farmer,male,obc,none,2.5,0,1
31,47353,daily_wage,other,obc,primary,0,1,0
33,126414,daily_wage,other,obc,graduate,0,0,0
32,12633,unemployed,other,obc,graduate,0.2,0,0
29,172905,self_employed,other,sc,postgraduate,0.0,0,0
22,83654,daily_wage,other,obc,none,0,0,0
53,5361,student,other,general,none,0.3,0,1
65,66067,daily_wage,other,sc,none,0.9,1,0
16,22796,student,other,st,secondary,0.4,1,0
25,963063,salaried,female,general,postgraduate,1.0,0,0
70,84775,daily_wage,female,general,primary,0,1,0
40,115261,other,female,general,graduate,0,1,0
39,113490,other,other,obc,primary,0,0,1
39,176521,farmer,female,st,secondary,1.5,0,0
42,0,farmer,male,st,secondary,0,0,0
37,111963,daily_wage,female,obc,none,0,0,0
54,459655,self_employed,male,obc,postgraduate,0,0,0
48,157626,farmer,female,st,graduate,5.6,0,0
52,465667,self_employed,male,general,none,0.3,0,0
30,229656,farmer,male,general,graduate,4.8,0,0
44,84817,other,male,obc,postgraduate,0.1,0,0
37,103168,daily_wage,male,general,secondary,0,1,0
60,25443,unemployed,male,obc,primary,0.8,0,1
42,277626,farmer,male,st,primary,0.8,0,0
16,12577,student,other,sc,secondary,0.3,1,0
54,119735,farmer,male,st,secondary,2.7,0,0
42,485048,self_employed,male,obc,secondary,0.8,0,0
44,15066,unemployed,other,general,graduate,0,1,0
41,889044,self_employed,female,general,secondary,0,0,0
46,12935,unemployed,female,general,primary,0.6,0,0
16,8225,unemployed,male,st,graduate,0.6,1,0
46,746387,salaried,other,st,secondary,0,0,0
43,114369,farmer,male,general,none,1.2,0,0
64,32078,unemployed,male,obc,primary,0,1,1
29,38139,student,male,obc,secondary,0.1,0,0
36,8701,unemployed,male,general,graduate,0,0,0
48,131299,daily_wage,male,sc,graduate,0.3,1,0
19,10508,unemployed,female,obc,graduate,0,0,0
44,24899,unemployed,male,obc,primary,0.3,1,0
36,433481,self_employed,other,obc,none,0.2,0,0
44,227619,self_employed,male,general,secondary,0,0,0
26,194486,other,male,st,secondary,0.4,0,0
63,59067,daily_wage,female,st,none,0.4,0,0
30,240829,other,other,obc,none,0.0,0,0
42,43951,student,other,general,primary,0,0,0
49,34497,student,female,obc,secondary,0,0,0
34,185099,other,female,obc,secondary,0.6,0,0
43,100684,daily_wage,female,sc,primary,0.5,0,0
16,85188,daily_wage,male,sc,secondary,0.5,0,1
19,14343,student,female,st,secondary,0,0,0
35,122232,daily_wage,male,sc,graduate,0.4,0,0
24,102119,farmer,other,st,graduate,3.2,0,0
65,303709,farmer,female,general,none,1.9,0,0
39,18415,other,female,obc,primary,0,0,0
45,303214,farmer,male,general,secondary,2.9,0,0
32,11757,student,female,st,secondary,1.9,0,0
55,32684,student,male,general,secondary,0.2,0,0
16,85247,daily_wage,other,sc,none,0,1,0
59,235935,other,male,st,graduate,0.7,0,0
41,44725,daily_wage,other,obc,none,0.3,0,0
32,12518,student,female,sc,none,1.3,0,0
38,10286,unemployed,female,st,secondary,0.5,0,0
28,214568,salaried,female,st,none,0.4,0,1
32,3115,unemployed,female,sc,primary,0.3,0,0
22,232345,self_employed,female,obc,postgraduate,0.7,0,0
40,13761,unemployed,female,sc,secondary,0,1,1
24,11893,unemployed,female,obc,graduate,0.5,0,0
28,1257980,salaried,male,general,postgraduate,0.5,0,0
20,6890,unemployed,female,st,secondary,1.0,0,0
23,71798,other,female,general,none,0.2,0,0
35,214401,other,male,st,secondary,0,0,0
52,79271,daily_wage,other,st,secondary,1.9,1,0
35,79946,self_employed,male,obc,primary,0,0,1
24,744204,salaried,female,sc,none,0,0,0
25,112059,daily_wage,female,obc,none,0,0,0
64,128176,daily_wage,other,st,none,0,0,0
69,0,farmer,other,sc,none,1.9,0,0
63,147393,self_employed,other,obc,secondary,0,1,0
58,15025,unemployed,female,obc,secondary,0,0,0
22,804866,salaried,male,general,none,1.2,0,0
16,48217,student,female,st,secondary,0.9,1,0
16,31777,student,other,general,primary,0.1,1,0
16,22068,student,male,general,secondary,0.7,0,0
21,19786,unemployed,other,obc,secondary,0,0,0
17,23649,unemployed,female,obc,secondary,0,0,0
16,16087,student,other,obc,primary,0,1,1
64,148428,farmer,male,general,secondary,1.3,0,0
55,312889,other,male,obc,secondary,0,0,0
29,95611,other,male,obc,secondary,0,0,0
37,104619,daily_wage,other,general,postgraduate,0.4,1,0
16,25472,student,male,sc,secondary,1.0,0,0
42,79590,daily_wage,male,obc,graduate,0,0,0
28,281582,other,male,sc,none,0.2,0,0
19,110793,daily_wage,female,general,primary,0,0,1
55,2404,unemployed,male,obc,none,1.2,0,1
34,16452,unemployed,other,sc,postgraduate,0,0,0
48,132392,daily_wage,male,obc,none,0,1,0
38,913061,salaried,female,general,primary,0,0,0
48,24909,daily_wage,female,st,secondary,0,0,0
37,187827,farmer,male,general,secondary,0.9,0,0
28,227456,farmer,other,general,secondary,0.9,0,1
54,56226,student,female,st,primary,0,0,0
48,13451,student,male,obc,none,0.3,1,0
24,94085,daily_wage,female,sc,graduate,0.5,0,0
48,1027510,salaried,male,st,none,0.4,0,0
40,71158,daily_wage,male,st,postgraduate,0.7,0,0
43,211505,other,female,general,none,0,0,0
45,40606,other,female,sc,secondary,0.5,1,0
62,386385,farmer,male,st,secondary,0,0,0
42,13420,unemployed,other,general,postgraduate,0,1,0
55,25204,student,female,sc,primary,0,1,0
39,166610,daily_wage,male,obc,primary,0,0,0
27,14867,unemployed,female,general,primary,0,0,0
31,1047083,salaried,male,general,graduate,0,0,0
33,0,student,male,sc,secondary,0.1,1,1
47,940858,salaried,other,st,postgraduate,0.6,1,0
17,24888,student,male,sc,graduate,0.5,0,0
54,523545,self_employed,male,general,secondary,0.4,0,0
24,487556,self_employed,female,general,postgraduate,1.0,0,0
36,13381,student,other,st,secondary,1.1,1,0
24,505852,salaried,other,sc,primary,0,0,0
52,25117,other,other,general,none,0.3,1,0
25,480021,self_employed,male,obc,postgraduate,0,0,0
51,1149240,salaried,male,general,graduate,1.0,0,0
32,544376,self_employed,female,obc,postgraduate,0.6,0,0
40,348812,farmer,female,obc,none,0,0,0
56,104967,salaried,male,st,none,0.8,0,0
57,107992,daily_wage,other,obc,secondary,0.9,0,0
36,28319,student,other,general,secondary,1.1,1,0
28,408814,self_employed,other,sc,none,0.8,0,0
61,5930,unemployed,male,obc,none,0,1,0
32,114982,salaried,female,general,primary,0.7,0,0
67,109091,daily_wage,other,sc,secondary,0.3,0,1
46,23317,unemployed,male,sc,postgraduate,0.0,1,0
33,276125,other,female,sc,secondary,0,0,1
31,132021,farmer,male,sc,postgraduate,1.6,0,0
31,0,unemployed,female,obc,graduate,0.9,0,0
40,124159,other,male,st,secondary,0.6,0,1
22,357629,self_employed,male,general,primary,0.1,0,0
44,482046,self_employed,other,sc,secondary,0,0,0
64,505582,farmer,female,general,primary,1.0,0,0
52,129518,farmer,other,st,secondary,0,0,0
32,331743,farmer,male,sc,primary,3.0,0,0
25,298288,farmer,male,obc,secondary,3.6,0,1
41,575505,salaried,male,sc,graduate,0.7,0,0
52,560020,self_employed,male,obc,graduate,0.8,0,0
51,116417,other,female,obc,secondary,0.0,0,0
63,141797,farmer,other,sc,none,0,0,0
16,116096,daily_wage,male,obc,primary,0.3,1,0
65,11607,unemployed,other,sc,secondary,1.0,0,0
68,132800,farmer,other,obc,primary,0,0,0
48,32539,student,female,sc,postgraduate,0.4,1,0
67,81735,daily_wage,male,general,none,0,1,0
33,9338,unemployed,female,sc,postgraduate,0.2,0,0
24,23775,self_employed,male,general,primary,0,1,0
36,969156,salaried,male,st,graduate,0.6,0,0
29,67230,daily_wage,female,obc,secondary,0.3,1,0
51,345232,self_employed,female,obc,postgraduate,0.7,0,0
18,22842,student,other,general,graduate,0.6,0,0
37,0,farmer,other,sc,primary,0,1,0
35,219414,farmer,male,general,none,0.8,0,0
17,11959,unemployed,male,st,graduate,0,0,0
16,44251,daily_wage,other,sc,secondary,0,0,0
65,113842,farmer,other,obc,none,0.9,0,1
57,16805,unemployed,female,obc,postgraduate,0,1,0
59,33629,student,male,sc,primary,0.6,0,0
79,108642,daily_wage,female,sc,primary,0,0,0
46,303269,self_employed,other,obc,graduate,0.9,0,1
34,211441,other,male,general,secondary,0,0,0
38,147554,daily_wage,male,st,graduate,0,1,0
43,438323,self_employed,male,obc,graduate,0.4,0,0
30,214436,farmer,other,general,secondary,3.2,0,0
44,256878,self_employed,female,obc,primary,0.5,0,0
40,31484,student,other,st,postgraduate,0,0,0
29,31749,student,female,general,primary,1.3,0,0
24,20372,unemployed,male,general,graduate,0.5,0,0
47,7705,unemployed,other,general,none,0.8,0,0
36,2203,unemployed,female,obc,secondary,0,0,0
35,37007,student,female,sc,postgraduate,1.7,1,0
24,10524,unemployed,female,sc,postgraduate,0.5,0,0
38,332602,self_employed,male,general,primary,0,0,1
33,340333,self_employed,other,st,graduate,0.8,1,0
35,76392,daily_wage,male,general,graduate,1.6,0,0
28,592909,salaried,male,general,secondary,1.0,0,0
27,103405,other,other,sc,postgraduate,0.3,0,1
20,10654,unemployed,other,general,primary,0,0,0
41,977842,salaried,male,obc,graduate,0.7,0,0
40,570059,salaried,female,general,secondary,0.2,0,0
46,46977,student,male,general,postgraduate,0,1,0
44,178925,farmer,male,general,postgraduate,2.5,0,1
38,403166,self_employed,female,st,graduate,0.8,0,0
53,376338,self_employed,male,obc,secondary,0.4,0,0
28,961,unemployed,other,obc,none,0.3,0,0
37,430052,salaried,female,sc,primary,0,0,0
38,123080,other,female,obc,secondary,0.4,0,0
16,71112,daily_wage,other,general,secondary,0.8,1,0
43,447117,salaried,male,general,primary,0.1,0,0
39,43593,student,female,obc,primary,0.7,1,0
38,240557,self_employed,female,st,primary,0,0,0
24,27199,daily_wage,male,st,secondary,0.3,0,0
38,105015,other,male,general,secondary,0,1,0
66,179267,farmer,male,obc,none,1.5,0,0
20,42145,student,male,obc,none,0,0,0
74,144287,daily_wage,other,general,primary,0.8,0,0
